{"branches": 2.941176470588235, "coverage": 34.472934472934476}